date,total_rides,member_rides,casual_rides,electric_rides,classic_rides,rush_hour_rides,avg_duration,median_duration,unique_stations,pct_member,pct_casual,pct_electric,pct_rush_hour,day_of_week,day_name,month,year,is_weekend,season,AWND,PRCP,SNOW,TMAX,TMIN,TAVG,is_rainy,is_snowy,is_bad_weather
2025-02-28,371,286,85,302,69,0,19.09,14.19,271,77.09,22.91,81.4,0.0,4,Friday,2,2025,0,Winter,3.0,0.0,0.0,10.6,5.0,7.8,0.0,0.0,0.0
2025-03-01,97252,78424,18828,67896,29356,0,12.09,8.66,2160,80.64,19.36,69.81,0.0,5,Saturday,3,2025,1,Spring,4.3,0.0,0.0,17.8,-2.7,7.550000000000001,0.0,0.0,0.0
2025-03-02,54862,48361,6501,38006,16856,0,9.38,6.89,2091,88.15,11.85,69.28,0.0,6,Sunday,3,2025,1,Spring,4.3,0.0,0.0,0.6,-6.6,-3.0,0.0,0.0,0.0
2025-03-03,79107,72586,6521,54502,24605,27954,9.34,7.04,2148,91.76,8.24,68.9,35.34,0,Monday,3,2025,0,Spring,2.0,0.0,0.0,3.9,-4.9,-0.5000000000000002,0.0,0.0,0.0
2025-03-04,104848,94698,10150,73481,31367,37272,10.2,7.63,2178,90.32,9.68,70.08,35.55,1,Tuesday,3,2025,0,Spring,1.8,0.0,0.0,11.1,1.1,6.1,0.0,0.0,0.0
2025-03-05,71670,65178,6492,51038,20632,21390,9.52,7.22,2137,90.94,9.06,71.21,29.85,2,Wednesday,3,2025,0,Spring,3.2,43.4,0.0,12.2,5.6,8.899999999999999,1.0,0.0,1.0
2025-03-06,101319,91434,9885,70133,31186,34857,10.15,7.65,2174,90.24,9.76,69.22,34.4,3,Thursday,3,2025,0,Spring,3.8,0.0,0.0,12.8,2.2,7.5,0.0,0.0,0.0
2025-03-07,97458,86162,11296,69900,27558,29495,9.97,7.48,2167,88.41,11.59,71.72,30.26,4,Friday,3,2025,0,Spring,5.3,0.0,0.0,10.0,1.1,5.55,0.0,0.0,0.0
2025-03-08,82852,69748,13104,58528,24324,0,10.81,7.98,2147,84.18,15.82,70.64,0.0,5,Saturday,3,2025,1,Spring,4.0,0.0,0.0,7.2,2.2,4.7,0.0,0.0,0.0
2025-03-09,80365,67102,13263,55878,24487,0,11.38,8.1,2166,83.5,16.5,69.53,0.0,6,Sunday,3,2025,1,Spring,3.2,0.0,0.0,11.7,0.0,5.85,0.0,0.0,0.0
2025-03-10,117952,102535,15417,80598,37354,40801,11.56,8.43,2193,86.93,13.07,68.33,34.59,0,Monday,3,2025,0,Spring,2.5,0.0,0.0,18.9,7.2,13.049999999999999,0.0,0.0,0.0
2025-03-11,133056,115810,17246,91062,41994,46753,11.54,8.5,2195,87.04,12.96,68.44,35.14,1,Tuesday,3,2025,0,Spring,1.7,0.0,0.0,18.3,6.7,12.5,0.0,0.0,0.0
2025-03-12,121032,107473,13559,83885,37147,42576,10.46,7.9,2180,88.8,11.2,69.31,35.18,2,Wednesday,3,2025,0,Spring,2.8,0.0,0.0,12.8,5.6,9.2,0.0,0.0,0.0
2025-03-13,117493,103686,13807,81624,35869,39637,10.37,7.81,2179,88.25,11.75,69.47,33.74,3,Thursday,3,2025,0,Spring,3.5,0.0,0.0,10.0,3.9,6.95,0.0,0.0,0.0
2025-03-14,120777,103451,17326,86567,34210,36163,10.94,8.07,2184,85.65,14.35,71.68,29.94,4,Friday,3,2025,0,Spring,2.3,0.0,0.0,13.9,4.4,9.15,0.0,0.0,0.0
2025-03-15,92429,75761,16668,66710,25719,0,11.48,8.41,2166,81.97,18.03,72.17,0.0,5,Saturday,3,2025,1,Spring,1.9,0.0,0.0,9.4,5.0,7.2,0.0,0.0,0.0
2025-03-16,89897,72673,17224,64073,25824,0,11.85,8.57,2170,80.84,19.16,71.27,0.0,6,Sunday,3,2025,1,Spring,3.1,0.3,0.0,16.1,8.3,12.200000000000001,0.0,0.0,0.0
2025-03-17,85657,76551,9106,61322,24335,29105,9.88,7.37,2170,89.37,10.63,71.59,33.98,0,Monday,3,2025,0,Spring,2.2,23.4,0.0,15.0,2.8,8.9,1.0,0.0,1.0
2025-03-18,122452,107076,15376,86360,36092,42793,11.23,8.26,2203,87.44,12.56,70.53,34.95,1,Tuesday,3,2025,0,Spring,1.5,0.0,0.0,16.1,1.7,8.9,0.0,0.0,0.0
2025-03-19,131118,113598,17520,92514,38604,44420,11.35,8.34,2209,86.64,13.36,70.56,33.88,2,Wednesday,3,2025,0,Spring,2.0,0.0,0.0,17.2,6.1,11.649999999999999,0.0,0.0,0.0
2025-03-20,97847,86942,10905,70463,27384,34777,9.95,7.52,2193,88.86,11.14,72.01,35.54,3,Thursday,3,2025,0,Spring,2.6,26.9,0.0,11.1,5.6,8.35,1.0,0.0,1.0
2025-03-21,103476,89731,13745,75074,28402,30647,10.38,7.69,2192,86.72,13.28,72.55,29.62,4,Friday,3,2025,0,Spring,4.7,0.8,0.0,10.6,3.3,6.949999999999999,0.0,0.0,0.0
2025-03-22,110672,86879,23793,78729,31943,0,12.88,9.29,2200,78.5,21.5,71.14,0.0,5,Saturday,3,2025,1,Spring,3.0,0.0,0.0,17.8,4.4,11.100000000000001,0.0,0.0,0.0
2025-03-23,82472,67983,14489,57603,24869,0,11.39,8.2,2173,82.43,17.57,69.85,0.0,6,Sunday,3,2025,1,Spring,3.0,0.0,0.0,8.9,-0.5,4.2,0.0,0.0,0.0
2025-03-24,57460,52456,5004,41570,15890,22828,9.41,7.06,2143,91.29,8.71,72.35,39.73,0,Monday,3,2025,0,Spring,1.8,12.2,0.0,10.0,3.3,6.65,1.0,0.0,1.0
2025-03-25,123301,108565,14736,85912,37389,43061,11.11,8.24,2200,88.05,11.95,69.68,34.92,1,Tuesday,3,2025,0,Spring,2.2,0.0,0.0,14.4,8.3,11.350000000000001,0.0,0.0,0.0
2025-03-26,111316,99566,11750,78939,32377,38754,10.08,7.63,2202,89.44,10.56,70.91,34.81,2,Wednesday,3,2025,0,Spring,2.3,0.0,0.0,11.7,2.8,7.25,0.0,0.0,0.0
2025-03-27,115505,101782,13723,82027,33478,38988,10.53,7.87,2202,88.12,11.88,71.02,33.75,3,Thursday,3,2025,0,Spring,3.2,0.0,0.0,11.7,1.1,6.3999999999999995,0.0,0.0,0.0
2025-03-28,121136,102653,18483,86899,34237,36042,11.29,8.26,2216,84.74,15.26,71.74,29.75,4,Friday,3,2025,0,Spring,2.2,0.8,0.0,17.2,7.8,12.5,0.0,0.0,0.0
2025-03-29,142810,104277,38533,100143,42667,0,15.12,10.69,2210,73.02,26.98,70.12,0.0,5,Saturday,3,2025,1,Spring,3.7,0.0,0.0,27.2,6.1,16.65,0.0,0.0,0.0
2025-03-30,86813,71012,15801,60387,26426,0,11.18,8.12,2175,81.8,18.2,69.56,0.0,6,Sunday,3,2025,1,Spring,2.9,1.0,0.0,8.9,5.6,7.25,0.0,0.0,0.0
2025-03-31,102478,89055,13423,69861,32617,34106,11.24,8.14,2196,86.9,13.1,68.17,33.28,0,Monday,3,2025,0,Spring,1.4,31.5,0.0,22.8,7.2,15.0,1.0,0.0,1.0
2025-04-01,120578,106891,13687,83577,37001,43150,10.62,7.95,2160,88.65,11.35,69.31,35.79,1,Tuesday,4,2025,0,Spring,3.2,2.0,0.0,14.4,5.0,9.7,1.0,0.0,1.0
2025-04-02,112556,100972,11584,79724,32832,39447,9.91,7.47,2149,89.71,10.29,70.83,35.05,2,Wednesday,4,2025,0,Spring,3.4,0.0,0.0,9.4,2.8,6.1,0.0,0.0,0.0
2025-04-03,128517,111500,17017,92447,36070,43144,11.36,8.46,2161,86.76,13.24,71.93,33.57,3,Thursday,4,2025,0,Spring,2.4,1.3,0.0,22.8,6.7,14.75,1.0,0.0,1.0
2025-04-04,143467,118529,24938,103768,39699,40231,12.01,8.82,2165,82.62,17.38,72.33,28.04,4,Friday,4,2025,0,Spring,2.1,2.3,0.0,22.8,13.9,18.35,1.0,0.0,1.0
2025-04-05,77003,64086,12917,55804,21199,0,10.66,7.9,2119,83.23,16.77,72.47,0.0,5,Saturday,4,2025,1,Spring,3.7,4.8,0.0,15.0,6.1,10.55,1.0,0.0,1.0
2025-04-06,91403,74724,16679,64856,26547,0,11.76,8.51,2138,81.75,18.25,70.96,0.0,6,Sunday,4,2025,1,Spring,1.5,19.3,0.0,13.3,6.1,9.7,1.0,0.0,1.0
2025-04-07,71349,65055,6294,51744,19605,24563,9.19,6.96,2124,91.18,8.82,72.52,34.43,0,Monday,4,2025,0,Spring,3.1,3.3,0.0,10.0,3.9,6.95,1.0,0.0,1.0
2025-04-08,105424,95403,10021,74878,30546,37418,9.82,7.39,2145,90.49,9.51,71.03,35.49,1,Tuesday,4,2025,0,Spring,4.4,0.0,0.0,7.2,1.7,4.45,0.0,0.0,0.0
2025-04-09,112724,100786,11938,80627,32097,39216,10.19,7.62,2152,89.41,10.59,71.53,34.79,2,Wednesday,4,2025,0,Spring,2.8,0.0,0.0,9.4,-0.5,4.45,0.0,0.0,0.0
2025-04-10,108310,96730,11580,77479,30831,34291,9.94,7.46,2148,89.31,10.69,71.53,31.66,3,Thursday,4,2025,0,Spring,2.2,0.3,0.0,10.6,4.4,7.5,0.0,0.0,0.0
2025-04-11,71609,64177,7432,53048,18561,26064,9.27,6.99,2132,89.62,10.38,74.08,36.4,4,Friday,4,2025,0,Spring,3.8,10.4,0.0,7.8,4.4,6.1,1.0,0.0,1.0
2025-04-12,43443,38452,4991,31930,11513,0,9.23,6.92,2057,88.51,11.49,73.5,0.0,5,Saturday,4,2025,1,Spring,4.1,16.0,0.0,4.4,2.2,3.3000000000000003,1.0,0.0,1.0
2025-04-13,96029,77578,18451,67178,28851,0,12.3,8.67,2148,80.79,19.21,69.96,0.0,6,Sunday,4,2025,1,Spring,2.4,0.0,0.0,14.4,3.9,9.15,0.0,0.0,0.0
2025-04-14,117992,101123,16869,82345,35647,39444,11.64,8.28,2159,85.7,14.3,69.79,33.43,0,Monday,4,2025,0,Spring,1.3,1.8,0.0,18.9,8.9,13.899999999999999,1.0,0.0,1.0
2025-04-15,132259,113130,19129,92093,40166,45186,11.61,8.44,2182,85.54,14.46,69.63,34.16,1,Tuesday,4,2025,0,Spring,3.2,0.3,0.0,20.6,8.9,14.75,0.0,0.0,0.0
2025-04-16,111910,98744,13166,78723,33187,38239,10.11,7.55,2168,88.24,11.76,70.34,34.17,2,Wednesday,4,2025,0,Spring,4.7,0.0,0.0,10.0,6.7,8.35,0.0,0.0,0.0
2025-04-17,136965,113646,23319,94765,42200,43926,12.29,8.71,2185,82.97,17.03,69.19,32.07,3,Thursday,4,2025,0,Spring,3.0,0.0,0.0,17.8,5.6,11.7,0.0,0.0,0.0
2025-04-18,134334,106649,27685,94459,39875,31862,12.7,8.92,2174,79.39,20.61,70.32,23.72,4,Friday,4,2025,0,Spring,1.7,0.0,0.0,20.0,8.9,14.45,0.0,0.0,0.0
2025-04-19,154925,110496,44429,108804,46121,0,15.71,11.1,2193,71.32,28.68,70.23,0.0,5,Saturday,4,2025,1,Spring,2.8,0.0,0.0,29.4,12.2,20.799999999999997,0.0,0.0,0.0
2025-04-20,117249,86233,31016,80592,36657,0,14.35,10.02,2171,73.55,26.45,68.74,0.0,6,Sunday,4,2025,1,Spring,3.0,0.0,0.0,22.8,12.8,17.8,0.0,0.0,0.0
2025-04-21,115978,101410,14568,78782,37196,39398,10.46,7.7,2186,87.44,12.56,67.93,33.97,0,Monday,4,2025,0,Spring,3.0,0.0,0.0,13.9,10.0,11.95,0.0,0.0,0.0
2025-04-22,158242,134577,23665,107018,51224,54398,12.23,8.95,2196,85.05,14.95,67.63,34.38,1,Tuesday,4,2025,0,Spring,1.6,0.0,0.0,27.8,11.7,19.75,0.0,0.0,0.0
2025-04-23,163959,138975,24984,108259,55700,55865,12.06,8.84,2185,84.76,15.24,66.03,34.07,2,Wednesday,4,2025,0,Spring,1.3,0.0,0.0,24.4,12.2,18.299999999999997,0.0,0.0,0.0
2025-04-24,170985,142420,28565,111036,59949,56729,12.33,9.05,2203,83.29,16.71,64.94,33.18,3,Thursday,4,2025,0,Spring,1.4,0.0,0.0,25.0,13.3,19.15,0.0,0.0,0.0
2025-04-25,168431,135591,32840,114103,54328,48805,12.66,9.12,2195,80.5,19.5,67.74,28.98,4,Friday,4,2025,0,Spring,2.7,0.0,0.0,25.0,15.6,20.3,0.0,0.0,0.0
2025-04-26,129046,92735,36311,85911,43135,0,13.45,9.92,2168,71.86,28.14,66.57,0.0,5,Saturday,4,2025,1,Spring,2.2,20.8,0.0,23.3,11.7,17.5,1.0,0.0,1.0
2025-04-27,121197,92649,28548,83749,37448,0,13.27,9.49,2166,76.44,23.56,69.1,0.0,6,Sunday,4,2025,1,Spring,3.8,0.0,0.0,15.0,8.9,11.95,0.0,0.0,0.0
2025-04-28,152482,128357,24125,102420,50062,51367,12.36,8.95,2185,84.18,15.82,67.17,33.69,0,Monday,4,2025,0,Spring,1.5,0.0,0.0,24.4,10.6,17.5,0.0,0.0,0.0
2025-04-29,169231,142924,26307,115666,53565,58581,12.3,9.12,2193,84.45,15.55,68.35,34.62,1,Tuesday,4,2025,0,Spring,2.2,0.0,0.0,26.1,13.3,19.700000000000003,0.0,0.0,0.0
2025-04-30,174236,147009,27227,118695,55541,58573,12.23,9.07,2192,84.37,15.63,68.12,33.62,2,Wednesday,4,2025,0,Spring,2.6,0.0,0.0,22.8,15.0,18.9,0.0,0.0,0.0
2025-05-01,168865,141190,27675,116267,52598,55930,12.01,8.92,2123,83.61,16.39,68.85,33.12,3,Thursday,5,2025,0,Spring,2.4,0.0,0.0,21.7,11.1,16.4,0.0,0.0,0.0
2025-05-02,178769,141950,36819,127341,51428,51471,13.04,9.52,2114,79.4,20.6,71.23,28.79,4,Friday,5,2025,0,Spring,1.0,0.0,0.0,28.9,13.9,21.4,0.0,0.0,0.0
2025-05-03,179261,128535,50726,125841,53420,0,15.1,11.05,2097,71.7,28.3,70.2,0.0,5,Saturday,5,2025,1,Spring,1.3,24.1,0.0,29.4,17.2,23.299999999999997,1.0,0.0,1.0
2025-05-04,90533,70854,19679,61605,28928,0,12.23,8.78,2092,78.26,21.74,68.05,0.0,6,Sunday,5,2025,1,Spring,1.3,3.8,0.0,20.6,15.6,18.1,1.0,0.0,1.0
2025-05-05,75095,66981,8114,51616,23479,25390,9.83,7.36,2089,89.2,10.8,68.73,33.81,0,Monday,5,2025,0,Spring,2.9,18.8,0.0,16.1,13.9,15.0,1.0,0.0,1.0
2025-05-06,118014,103647,14367,82565,35449,41736,10.68,8.01,2122,87.83,12.17,69.96,35.37,1,Tuesday,5,2025,0,Spring,1.6,6.1,0.0,17.8,13.9,15.850000000000001,1.0,0.0,1.0
2025-05-07,173770,146564,27206,120800,52970,57622,12.35,9.2,2127,84.34,15.66,69.52,33.16,2,Wednesday,5,2025,0,Spring,0.7,0.5,0.0,23.3,12.8,18.05,0.0,0.0,0.0
2025-05-08,170932,143289,27643,119310,51622,57540,12.09,9.01,2131,83.83,16.17,69.8,33.66,3,Thursday,5,2025,0,Spring,2.1,0.0,0.0,25.6,15.6,20.6,0.0,0.0,0.0
2025-05-09,88274,75799,12475,65316,22958,22878,10.04,7.56,2106,85.87,14.13,73.99,25.92,4,Friday,5,2025,0,Spring,3.2,17.5,0.0,15.6,10.6,13.1,1.0,0.0,1.0
2025-05-10,171567,126546,45021,120509,51058,0,14.67,10.73,2120,73.76,26.24,70.24,0.0,5,Saturday,5,2025,1,Spring,2.5,0.0,0.0,22.2,10.0,16.1,0.0,0.0,0.0
2025-05-11,151409,110999,40410,102644,48765,0,15.05,10.73,2123,73.31,26.69,67.79,0.0,6,Sunday,5,2025,1,Spring,1.3,0.0,0.0,25.0,14.4,19.7,0.0,0.0,0.0
2025-05-12,160445,135043,25402,104390,56055,53684,12.04,8.79,2123,84.17,15.83,65.06,33.46,0,Monday,5,2025,0,Spring,1.2,0.0,0.0,22.2,13.9,18.05,0.0,0.0,0.0
2025-05-13,132828,116117,16711,88041,44787,48221,10.65,8.03,2124,87.42,12.58,66.28,36.3,1,Tuesday,5,2025,0,Spring,1.4,4.1,0.0,20.6,14.4,17.5,1.0,0.0,1.0
2025-05-14,67054,59956,7098,49231,17823,22321,9.54,7.25,2125,89.41,10.59,73.42,33.29,2,Wednesday,5,2025,0,Spring,2.8,31.0,0.0,16.7,13.3,15.0,1.0,0.0,1.0
2025-05-15,162256,137196,25060,115530,46726,52550,11.87,8.88,2208,84.56,15.44,71.2,32.39,3,Thursday,5,2025,0,Spring,1.8,0.0,0.0,20.6,15.0,17.8,0.0,0.0,0.0
2025-05-16,154275,126200,28075,112591,41684,47416,12.03,9.04,2188,81.8,18.2,72.98,30.73,4,Friday,5,2025,0,Spring,0.6,2.8,0.0,22.2,16.1,19.15,1.0,0.0,1.0
2025-05-17,189882,134948,54934,134626,55256,0,15.28,11.27,2206,71.07,28.93,70.9,0.0,5,Saturday,5,2025,1,Spring,1.8,0.0,0.0,27.8,17.2,22.5,0.0,0.0,0.0
2025-05-18,156899,114645,42254,101616,55283,0,14.72,10.61,2193,73.07,26.93,64.77,0.0,6,Sunday,5,2025,1,Spring,4.1,0.0,0.0,22.8,16.1,19.450000000000003,0.0,0.0,0.0
2025-05-19,151866,127228,24638,96962,54904,50229,12.04,8.77,2211,83.78,16.22,63.85,33.07,0,Monday,5,2025,0,Spring,3.8,0.0,0.0,20.6,10.6,15.600000000000001,0.0,0.0,0.0
2025-05-20,165627,139728,25899,107891,57736,56345,12.1,8.94,2208,84.36,15.64,65.14,34.02,1,Tuesday,5,2025,0,Spring,2.6,0.0,0.0,19.4,9.4,14.399999999999999,0.0,0.0,0.0
2025-05-21,107986,95404,12582,74732,33254,40237,9.69,7.39,2195,88.35,11.65,69.21,37.26,2,Wednesday,5,2025,0,Spring,2.5,2.3,0.0,15.0,9.4,12.2,1.0,0.0,1.0
2025-05-22,66934,58892,8042,49785,17149,13905,9.32,7.02,2168,87.99,12.01,74.38,20.77,3,Thursday,5,2025,0,Spring,3.5,22.9,0.0,10.6,8.9,9.75,1.0,0.0,1.0
2025-05-23,119171,99547,19624,85290,33881,33373,11.14,8.2,2201,83.53,16.47,71.57,28.0,4,Friday,5,2025,0,Spring,0.6,6.6,0.0,17.2,8.3,12.75,1.0,0.0,1.0
2025-05-24,117435,87290,30145,82367,35068,0,13.73,9.75,2195,74.33,25.67,70.14,0.0,5,Saturday,5,2025,1,Spring,2.6,0.0,0.0,17.8,8.9,13.350000000000001,0.0,0.0,0.0
2025-05-25,119837,85701,34136,83151,36686,0,14.47,10.14,2200,71.51,28.49,69.39,0.0,6,Sunday,5,2025,1,Spring,2.2,0.0,0.0,18.9,11.1,15.0,0.0,0.0,0.0
2025-05-26,140198,99948,40250,94492,45706,27951,15.61,10.84,2213,71.29,28.71,67.4,19.94,0,Monday,5,2025,0,Spring,1.7,0.0,0.0,22.8,11.1,16.95,0.0,0.0,0.0
2025-05-27,160917,135967,24950,109962,50955,54394,12.09,8.97,2214,84.5,15.5,68.33,33.8,1,Tuesday,5,2025,0,Spring,0.9,0.0,0.0,23.3,13.9,18.6,0.0,0.0,0.0
2025-05-28,102195,89624,12571,71720,30475,33785,10.46,7.79,2210,87.7,12.3,70.18,33.06,2,Wednesday,5,2025,0,Spring,1.4,12.4,0.0,18.3,11.1,14.7,1.0,0.0,1.0
2025-05-29,147990,125035,22955,106123,41867,46061,11.76,8.83,2222,84.49,15.51,71.71,31.12,3,Thursday,5,2025,0,Spring,1.6,2.5,0.0,19.4,12.8,16.1,1.0,0.0,1.0
2025-05-30,168934,136637,32297,123199,45735,47385,12.26,9.07,2223,80.88,19.12,72.93,28.05,4,Friday,5,2025,0,Spring,1.6,0.0,0.0,23.9,16.7,20.299999999999997,0.0,0.0,0.0
2025-05-31,149270,112882,36388,108417,40853,0,13.14,9.78,2211,75.62,24.38,72.63,0.0,5,Saturday,5,2025,1,Spring,4.0,11.7,0.0,19.4,11.7,15.549999999999999,1.0,0.0,1.0
2025-06-01,139671,105861,33810,98701,40970,0,13.69,9.96,2129,75.79,24.21,70.67,0.0,6,Sunday,6,2025,1,Summer,3.0,0.0,0.0,18.9,10.0,14.45,0.0,0.0,0.0
2025-06-02,158817,132743,26074,110663,48154,53574,12.33,9.1,2133,83.58,16.42,69.68,33.73,0,Monday,6,2025,0,Summer,1.0,0.0,0.0,21.7,11.7,16.7,0.0,0.0,0.0
2025-06-03,179138,149900,29238,125581,53557,60934,12.5,9.38,2130,83.68,16.32,70.1,34.02,1,Tuesday,6,2025,0,Summer,0.8,0.0,0.0,26.1,13.3,19.700000000000003,0.0,0.0,0.0
2025-06-04,191622,159156,32466,134919,56703,63621,12.7,9.49,2132,83.06,16.94,70.41,33.2,2,Wednesday,6,2025,0,Summer,1.5,0.0,0.0,28.3,16.7,22.5,0.0,0.0,0.0
2025-06-05,186312,152109,34203,132007,54305,57699,12.55,9.37,2131,81.64,18.36,70.85,30.97,3,Thursday,6,2025,0,Summer,1.9,0.0,0.0,30.6,21.1,25.85,0.0,0.0,0.0
2025-06-06,183630,144123,39507,132490,51140,47936,12.76,9.4,2130,78.49,21.51,72.15,26.1,4,Friday,6,2025,0,Summer,1.4,0.5,0.0,28.9,21.7,25.299999999999997,0.0,0.0,0.0
2025-06-07,127629,95460,32169,91874,35755,0,13.12,9.66,2109,74.79,25.21,71.99,0.0,5,Saturday,6,2025,1,Summer,1.3,17.8,0.0,24.4,18.9,21.65,1.0,0.0,1.0
2025-06-08,150050,110361,39689,104818,45232,0,13.96,10.05,2115,73.55,26.45,69.86,0.0,6,Sunday,6,2025,1,Summer,3.0,0.0,0.0,24.4,17.2,20.799999999999997,0.0,0.0,0.0
2025-06-09,133748,113581,20167,93132,40616,48005,11.15,8.26,2128,84.92,15.08,69.63,35.89,0,Monday,6,2025,0,Summer,2.2,0.3,0.0,17.8,16.7,17.25,0.0,0.0,0.0
2025-06-10,144645,122533,22112,101227,43418,48555,11.89,8.85,2130,84.71,15.29,69.98,33.57,1,Tuesday,6,2025,0,Summer,1.1,10.2,0.0,22.8,16.7,19.75,1.0,0.0,1.0
2025-06-11,192458,159498,32960,131828,60630,61937,12.61,9.4,2130,82.87,17.13,68.5,32.18,2,Wednesday,6,2025,0,Summer,1.4,0.0,0.0,27.2,18.3,22.75,0.0,0.0,0.0
2025-06-12,191360,156594,34766,133696,57664,59708,12.47,9.28,2133,81.83,18.17,69.87,31.2,3,Thursday,6,2025,0,Summer,1.7,0.0,0.0,30.6,21.1,25.85,0.0,0.0,0.0
2025-06-13,185594,147857,37737,131860,53734,51099,12.75,9.39,2130,79.67,20.33,71.05,27.53,4,Friday,6,2025,0,Summer,2.1,0.0,0.0,25.6,19.4,22.5,0.0,0.0,0.0
2025-06-14,88035,69723,18312,64164,23871,0,11.55,8.5,2110,79.2,20.8,72.88,0.0,5,Saturday,6,2025,1,Summer,3.5,5.8,0.0,20.0,15.0,17.5,1.0,0.0,1.0
2025-06-15,99068,78446,20622,70260,28808,0,12.05,8.62,2115,79.18,20.82,70.92,0.0,6,Sunday,6,2025,1,Summer,2.0,0.8,0.0,17.8,15.0,16.4,0.0,0.0,0.0
2025-06-16,139340,118515,20825,96143,43197,48262,11.36,8.4,2128,85.05,14.95,69.0,34.64,0,Monday,6,2025,0,Summer,2.8,3.8,0.0,20.6,15.6,18.1,1.0,0.0,1.0
2025-06-17,145960,125223,20737,101211,44749,47892,11.49,8.59,2138,85.79,14.21,69.34,32.81,1,Tuesday,6,2025,0,Summer,1.4,0.5,0.0,19.4,16.7,18.049999999999997,0.0,0.0,0.0
2025-06-18,176976,146519,30457,124904,52072,55636,12.25,9.06,2131,82.79,17.21,70.58,31.44,2,Wednesday,6,2025,0,Summer,0.7,0.8,0.0,28.9,18.3,23.6,0.0,0.0,0.0
2025-06-19,140817,111575,29242,101187,39630,33164,12.61,9.1,2125,79.23,20.77,71.86,23.55,3,Thursday,6,2025,0,Summer,1.8,16.5,0.0,31.1,21.1,26.1,1.0,0.0,1.0
2025-06-20,177052,138422,38630,127159,49893,45281,13.32,9.67,2128,78.18,21.82,71.82,25.57,4,Friday,6,2025,0,Summer,3.5,0.0,0.0,27.8,19.4,23.6,0.0,0.0,0.0
2025-06-21,170799,121143,49656,123703,47096,0,14.9,10.88,2137,70.93,29.07,72.43,0.0,5,Saturday,6,2025,1,Summer,0.8,0.0,0.0,30.0,22.2,26.1,0.0,0.0,0.0
2025-06-22,134602,99255,35347,97522,37080,0,13.78,9.89,2127,73.74,26.26,72.45,0.0,6,Sunday,6,2025,1,Summer,2.3,2.5,0.0,31.1,21.7,26.4,1.0,0.0,1.0
2025-06-23,154821,128002,26819,112662,42159,49302,11.77,8.6,2135,82.68,17.32,72.77,31.84,0,Monday,6,2025,0,Summer,0.9,0.0,0.0,35.6,26.7,31.15,0.0,0.0,0.0
2025-06-24,163614,136669,26945,119999,43615,52787,11.51,8.57,2130,83.53,16.47,73.34,32.26,1,Tuesday,6,2025,0,Summer,1.3,0.0,0.0,37.2,27.2,32.2,0.0,0.0,0.0
2025-06-25,169726,141034,28692,123028,46698,54480,11.72,8.71,2127,83.1,16.9,72.49,32.1,2,Wednesday,6,2025,0,Summer,1.2,0.0,0.0,35.6,27.2,31.4,0.0,0.0,0.0
2025-06-26,175448,144134,31314,122160,53288,52484,12.15,9.08,2133,82.15,17.85,69.63,29.91,3,Thursday,6,2025,0,Summer,4.3,0.0,0.0,29.4,18.9,24.15,0.0,0.0,0.0
2025-06-27,166508,133210,33298,117269,49239,43895,12.37,9.14,2126,80.0,20.0,70.43,26.36,4,Friday,6,2025,0,Summer,2.8,1.8,0.0,22.2,16.7,19.45,1.0,0.0,1.0
2025-06-28,161761,117771,43990,117300,44461,0,14.28,10.51,2110,72.81,27.19,72.51,0.0,5,Saturday,6,2025,1,Summer,0.8,1.3,0.0,28.3,17.2,22.75,1.0,0.0,1.0
2025-06-29,154188,110908,43280,111423,42765,0,14.49,10.54,2101,71.93,28.07,72.26,0.0,6,Sunday,6,2025,1,Summer,1.7,0.0,0.0,31.7,25.0,28.35,0.0,0.0,0.0
2025-06-30,152953,125084,27869,107097,45856,46764,12.18,8.88,2125,81.78,18.22,70.02,30.57,0,Monday,6,2025,0,Summer,1.5,0.0,0.0,32.2,21.7,26.950000000000003,0.0,0.0,0.0
2025-07-01,120990,102046,18944,86066,34924,35797,11.34,8.31,2128,84.34,15.66,71.13,29.59,1,Tuesday,7,2025,0,Summer,1.2,10.9,0.0,31.7,22.2,26.95,1.0,0.0,1.0
2025-07-02,159857,130711,29146,113337,46520,47857,12.38,9.12,2131,81.77,18.23,70.9,29.94,2,Wednesday,7,2025,0,Summer,0.5,0.8,0.0,28.9,21.7,25.299999999999997,0.0,0.0,0.0
2025-07-03,144150,114396,29754,104392,39758,35515,12.42,8.99,2131,79.36,20.64,72.42,24.64,3,Thursday,7,2025,0,Summer,1.3,0.0,0.0,31.1,20.6,25.85,0.0,0.0,0.0
2025-07-04,126348,84384,41964,89639,36709,22125,16.38,11.35,2118,66.79,33.21,70.95,17.51,4,Friday,7,2025,0,Summer,1.6,0.0,0.0,28.3,19.4,23.85,0.0,0.0,0.0
2025-07-05,128097,86852,41245,90490,37607,0,15.52,10.96,2129,67.8,32.2,70.64,0.0,5,Saturday,7,2025,1,Summer,1.4,0.0,0.0,28.9,20.0,24.45,0.0,0.0,0.0
2025-07-06,131295,93302,37993,92722,38573,0,14.67,10.26,2130,71.06,28.94,70.62,0.0,6,Sunday,7,2025,1,Summer,2.2,0.0,0.0,30.6,22.2,26.4,0.0,0.0,0.0
2025-07-07,147388,121970,25418,103541,43847,47963,11.9,8.74,2130,82.75,17.25,70.25,32.54,0,Monday,7,2025,0,Summer,1.8,0.0,0.0,30.6,24.4,27.5,0.0,0.0,0.0
2025-07-08,151983,127476,24507,109088,42895,55199,11.68,8.69,2128,83.88,16.12,71.78,36.32,1,Tuesday,7,2025,0,Summer,1.4,2.3,0.0,33.9,22.8,28.35,1.0,0.0,1.0
2025-07-09,169506,140929,28577,121118,48388,57779,12.06,8.98,2130,83.14,16.86,71.45,34.09,2,Wednesday,7,2025,0,Summer,1.0,1.3,0.0,32.2,22.8,27.5,1.0,0.0,1.0
2025-07-10,172816,142053,30763,123689,49127,54550,12.45,9.31,2129,82.2,17.8,71.57,31.57,3,Thursday,7,2025,0,Summer,0.8,4.6,0.0,28.9,21.1,25.0,1.0,0.0,1.0
2025-07-11,174947,137934,37013,126616,48331,47130,12.87,9.52,2128,78.84,21.16,72.37,26.94,4,Friday,7,2025,0,Summer,1.1,0.0,0.0,28.9,22.8,25.85,0.0,0.0,0.0
2025-07-12,177219,125188,52031,128035,49184,0,14.92,11.01,2125,70.64,29.36,72.25,0.0,5,Saturday,7,2025,1,Summer,0.9,0.0,0.0,28.3,23.3,25.8,0.0,0.0,0.0
2025-07-13,161672,117200,44472,114978,46694,0,14.51,10.58,2125,72.49,27.51,71.12,0.0,6,Sunday,7,2025,1,Summer,1.6,0.0,0.0,28.3,21.7,25.0,0.0,0.0,0.0
2025-07-14,113578,95298,18280,80235,33343,34529,11.33,8.29,2120,83.91,16.09,70.64,30.4,0,Monday,7,2025,0,Summer,1.1,67.1,0.0,29.4,22.8,26.1,1.0,0.0,1.0
2025-07-15,175209,144882,30327,123021,52188,58084,12.66,9.41,2129,82.69,17.31,70.21,33.15,1,Tuesday,7,2025,0,Summer,0.7,0.0,0.0,30.0,22.2,26.1,0.0,0.0,0.0
2025-07-16,181240,149247,31993,129735,51505,59229,12.39,9.27,2132,82.35,17.65,71.58,32.68,2,Wednesday,7,2025,0,Summer,1.3,0.0,0.0,30.6,25.0,27.8,0.0,0.0,0.0
2025-07-17,178268,145666,32602,127416,50852,55329,12.33,9.18,2134,81.71,18.29,71.47,31.04,3,Thursday,7,2025,0,Summer,3.0,0.0,0.0,32.2,23.9,28.05,0.0,0.0,0.0
2025-07-18,178818,139845,38973,126429,52389,47571,13.23,9.68,2136,78.21,21.79,70.7,26.6,4,Friday,7,2025,0,Summer,2.4,0.0,0.0,27.8,22.8,25.3,0.0,0.0,0.0
2025-07-19,169180,120679,48501,118997,50183,0,14.77,10.78,2130,71.33,28.67,70.34,0.0,5,Saturday,7,2025,1,Summer,1.6,0.0,0.0,27.2,20.6,23.9,0.0,0.0,0.0
2025-07-20,153005,111392,41613,108225,44780,0,14.28,10.26,2127,72.8,27.2,70.73,0.0,6,Sunday,7,2025,1,Summer,1.5,0.0,0.0,31.1,23.9,27.5,0.0,0.0,0.0
2025-07-21,165504,136252,29252,112871,52633,53922,12.55,9.2,2135,82.33,17.67,68.2,32.58,0,Monday,7,2025,0,Summer,1.9,0.0,0.0,29.4,21.7,25.549999999999997,0.0,0.0,0.0
2025-07-22,181596,150811,30785,122725,58871,60219,12.75,9.47,2136,83.05,16.95,67.58,33.16,1,Tuesday,7,2025,0,Summer,2.6,0.0,0.0,27.2,19.4,23.299999999999997,0.0,0.0,0.0
2025-07-23,185051,153411,31640,126081,58970,60314,12.66,9.47,2137,82.9,17.1,68.13,32.59,2,Wednesday,7,2025,0,Summer,1.0,0.0,0.0,26.7,20.6,23.65,0.0,0.0,0.0
2025-07-24,183361,149936,33425,127128,56233,57774,12.63,9.45,2136,81.77,18.23,69.33,31.51,3,Thursday,7,2025,0,Summer,1.9,0.0,0.0,30.6,21.1,25.85,0.0,0.0,0.0
2025-07-25,163152,129515,33637,117923,45229,44657,12.3,9.11,2132,79.38,20.62,72.28,27.37,4,Friday,7,2025,0,Summer,2.0,0.3,0.0,35.0,24.4,29.7,0.0,0.0,0.0
2025-07-26,176466,124706,51760,124349,52117,0,14.96,10.93,2129,70.67,29.33,70.47,0.0,5,Saturday,7,2025,1,Summer,2.3,0.0,0.0,29.4,23.3,26.35,0.0,0.0,0.0
2025-07-27,146398,108220,38178,104791,41607,0,13.77,9.98,2129,73.92,26.08,71.58,0.0,6,Sunday,7,2025,1,Summer,1.3,0.0,0.0,28.9,22.8,25.85,0.0,0.0,0.0
2025-07-28,162366,133773,28593,113432,48934,52438,12.22,8.92,2132,82.39,17.61,69.86,32.3,0,Monday,7,2025,0,Summer,1.4,0.0,0.0,34.4,24.4,29.4,0.0,0.0,0.0
2025-07-29,175723,145835,29888,124137,51586,57924,11.94,8.91,2127,82.99,17.01,70.64,32.96,1,Tuesday,7,2025,0,Summer,0.9,0.0,0.0,36.1,25.6,30.85,0.0,0.0,0.0
2025-07-30,170758,142667,28091,120827,49931,55176,11.83,8.83,2129,83.55,16.45,70.76,32.31,2,Wednesday,7,2025,0,Summer,0.9,7.1,0.0,35.0,23.9,29.45,1.0,0.0,1.0
2025-07-31,133711,112063,21648,93935,39776,40935,11.2,8.4,2123,83.81,16.19,70.25,30.61,3,Thursday,7,2025,0,Summer,3.0,8.1,0.0,31.7,18.3,25.0,1.0,0.0,1.0
2025-08-01,164962,132156,32806,117778,47184,42982,12.53,9.22,2124,80.11,19.89,71.4,26.06,4,Friday,8,2025,0,Summer,2.3,0.0,0.0,22.8,17.2,20.0,0.0,0.0,0.0
2025-08-02,200971,133354,67617,133607,67364,0,17.36,12.38,2123,66.35,33.65,66.48,0.0,5,Saturday,8,2025,1,Summer,1.3,0.0,0.0,26.7,17.2,21.95,0.0,0.0,0.0
2025-08-03,163278,117189,46089,114090,49188,0,15.02,10.86,2119,71.77,28.23,69.87,0.0,6,Sunday,8,2025,1,Summer,1.1,0.0,0.0,28.9,17.8,23.35,0.0,0.0,0.0
2025-08-04,165166,135069,30097,113779,51387,53755,12.74,9.31,2122,81.78,18.22,68.89,32.55,0,Monday,8,2025,0,Summer,0.9,0.0,0.0,31.7,19.4,25.549999999999997,0.0,0.0,0.0
2025-08-05,176484,146138,30346,121150,55334,58380,12.54,9.31,2123,82.81,17.19,68.65,33.08,1,Tuesday,8,2025,0,Summer,1.2,0.0,0.0,30.0,21.7,25.85,0.0,0.0,0.0
2025-08-06,166502,139010,27492,114479,52023,55632,11.98,8.94,2124,83.49,16.51,68.76,33.41,2,Wednesday,8,2025,0,Summer,2.1,1.5,0.0,26.1,17.8,21.950000000000003,1.0,0.0,1.0
2025-08-07,179904,147451,32453,124417,55487,56674,12.64,9.44,2121,81.96,18.04,69.16,31.5,3,Thursday,8,2025,0,Summer,1.7,0.0,0.0,27.2,17.8,22.5,0.0,0.0,0.0
2025-08-08,177034,139144,37890,125098,51936,47693,13.14,9.69,2116,78.6,21.4,70.66,26.94,4,Friday,8,2025,0,Summer,0.9,0.0,0.0,27.8,17.2,22.5,0.0,0.0,0.0
2025-08-09,199915,132034,67881,131313,68602,0,17.82,12.58,2118,66.05,33.95,65.68,0.0,5,Saturday,8,2025,1,Summer,1.0,0.0,0.0,29.4,17.8,23.6,0.0,0.0,0.0
2025-08-10,158242,113990,44252,111158,47084,0,14.95,10.74,2115,72.04,27.96,70.25,0.0,6,Sunday,8,2025,1,Summer,0.9,0.0,0.0,32.2,20.6,26.400000000000002,0.0,0.0,0.0
2025-08-11,162224,133038,29186,112325,49899,52346,12.57,9.2,2116,82.01,17.99,69.24,32.27,0,Monday,8,2025,0,Summer,1.0,0.0,0.0,31.7,22.2,26.95,0.0,0.0,0.0
2025-08-12,177401,146713,30688,123306,54095,58407,12.46,9.27,2123,82.7,17.3,69.51,32.92,1,Tuesday,8,2025,0,Summer,1.3,0.0,0.0,32.8,21.7,27.25,0.0,0.0,0.0
2025-08-13,139104,116471,22633,98596,40508,38236,11.58,8.54,2110,83.73,16.27,70.88,27.49,2,Wednesday,8,2025,0,Summer,1.3,18.0,0.0,31.7,21.7,26.7,1.0,0.0,1.0
2025-08-14,175535,143818,31717,125699,49836,54744,12.44,9.26,2118,81.93,18.07,71.61,31.19,3,Thursday,8,2025,0,Summer,1.2,0.0,0.0,31.7,22.8,27.25,0.0,0.0,0.0
2025-08-15,173893,136667,37226,125997,47896,46521,12.89,9.47,2112,78.59,21.41,72.46,26.75,4,Friday,8,2025,0,Summer,2.3,0.0,0.0,31.7,23.3,27.5,0.0,0.0,0.0
2025-08-16,199055,129999,69056,133972,65083,0,17.85,12.53,2105,65.31,34.69,67.3,0.0,5,Saturday,8,2025,1,Summer,1.1,0.0,0.0,28.9,23.3,26.1,0.0,0.0,0.0
2025-08-17,139341,101500,37841,100281,39060,0,14.12,10.19,2102,72.84,27.16,71.97,0.0,6,Sunday,8,2025,1,Summer,1.4,16.8,0.0,32.8,22.8,27.799999999999997,1.0,0.0,1.0
2025-08-18,155156,127352,27804,107208,47948,49956,12.44,9.12,2107,82.08,17.92,69.1,32.2,0,Monday,8,2025,0,Summer,2.6,0.0,0.0,23.9,18.9,21.4,0.0,0.0,0.0
2025-08-19,173496,143361,30135,120497,52999,57071,12.73,9.42,2114,82.63,17.37,69.45,32.89,1,Tuesday,8,2025,0,Summer,3.0,0.0,0.0,25.0,18.3,21.65,0.0,0.0,0.0
2025-08-20,92738,80440,12298,66238,26500,35120,10.34,7.83,2093,86.74,13.26,71.42,37.87,2,Wednesday,8,2025,0,Summer,3.3,13.0,0.0,21.1,14.4,17.75,1.0,0.0,1.0
2025-08-21,149757,124714,25043,107166,42591,46344,12.14,9.03,2110,83.28,16.72,71.56,30.95,3,Thursday,8,2025,0,Summer,4.4,6.9,0.0,22.2,15.0,18.6,1.0,0.0,1.0
2025-08-22,170698,134233,36465,123229,47469,45165,13.23,9.72,2110,78.64,21.36,72.19,26.46,4,Friday,8,2025,0,Summer,2.2,0.0,0.0,28.3,14.4,21.35,0.0,0.0,0.0
2025-08-23,174784,121418,53366,122860,51924,0,15.46,11.4,2103,69.47,30.53,70.29,0.0,5,Saturday,8,2025,1,Summer,2.6,0.0,0.0,27.8,19.4,23.6,0.0,0.0,0.0
2025-08-24,151969,110941,41028,106626,45343,0,14.75,10.6,2108,73.0,27.0,70.16,0.0,6,Sunday,8,2025,1,Summer,1.1,0.0,0.0,26.7,19.4,23.049999999999997,0.0,0.0,0.0
2025-08-25,155583,128483,27100,108283,47300,50002,12.53,9.21,2108,82.58,17.42,69.6,32.14,0,Monday,8,2025,0,Summer,1.5,0.0,0.0,30.0,21.1,25.55,0.0,0.0,0.0
2025-08-26,170340,141340,29000,118332,52008,55296,12.68,9.4,2112,82.98,17.02,69.47,32.46,1,Tuesday,8,2025,0,Summer,2.2,0.0,0.0,26.1,17.2,21.65,0.0,0.0,0.0
2025-08-27,171323,142124,29199,120335,50988,55147,12.48,9.29,2105,82.96,17.04,70.24,32.19,2,Wednesday,8,2025,0,Summer,,0.0,0.0,23.9,16.1,20.0,0.0,0.0,0.0
2025-08-28,168074,137134,30940,119488,48586,51298,12.63,9.39,2105,81.59,18.41,71.09,30.52,3,Thursday,8,2025,0,Summer,,0.0,0.0,25.6,16.1,20.85,0.0,0.0,0.0
2025-08-29,157884,123083,34801,113565,44319,39816,13.23,9.67,2104,77.96,22.04,71.93,25.22,4,Friday,8,2025,0,Summer,,0.0,0.0,25.6,18.3,21.950000000000003,0.0,0.0,0.0
2025-08-30,149142,103309,45833,105167,43975,0,15.57,11.32,2089,69.27,30.73,70.51,0.0,5,Saturday,8,2025,1,Summer,,0.0,0.0,24.4,13.9,19.15,0.0,0.0,0.0
2025-08-31,143054,97770,45284,100597,42457,0,15.88,11.36,2087,68.34,31.66,70.32,0.0,6,Sunday,8,2025,1,Summer,,0.0,0.0,26.1,15.0,20.55,0.0,0.0,0.0
2025-09-01,141690,102532,39158,98934,42756,28765,14.85,10.47,2086,72.36,27.64,69.82,20.3,0,Monday,9,2025,0,Fall,1.9,0.0,0.0,25.6,17.8,21.700000000000003,0.0,0.0,0.0
2025-09-02,170821,143438,27383,118169,52652,58792,12.42,9.32,2107,83.97,16.03,69.18,34.42,1,Tuesday,9,2025,0,Fall,1.7,0.0,0.0,26.1,16.7,21.4,0.0,0.0,0.0
2025-09-03,183802,155017,28785,127178,56624,62643,12.4,9.39,2108,84.34,15.66,69.19,34.08,2,Wednesday,9,2025,0,Fall,1.1,0.0,0.0,26.1,16.1,21.1,0.0,0.0,0.0
2025-09-04,181345,152394,28951,125984,55361,63634,12.18,9.24,2108,84.04,15.96,69.47,35.09,3,Thursday,9,2025,0,Fall,1.6,10.2,0.0,25.0,17.8,21.4,1.0,0.0,1.0
2025-09-05,189977,154240,35737,135710,54267,56578,12.65,9.54,2107,81.19,18.81,71.43,29.78,4,Friday,9,2025,0,Fall,1.0,4.3,0.0,27.8,18.9,23.35,1.0,0.0,1.0
2025-09-06,136808,104594,32214,97793,39015,0,13.2,9.69,2089,76.45,23.55,71.48,0.0,5,Saturday,9,2025,1,Fall,1.7,25.7,0.0,30.0,18.3,24.15,1.0,0.0,1.0
2025-09-07,111957,88674,23283,79347,32610,0,12.76,9.36,2084,79.2,20.8,70.87,0.0,6,Sunday,9,2025,1,Fall,0.4,16.0,0.0,20.6,15.0,17.8,1.0,0.0,1.0
2025-09-08,175322,147661,27661,119582,55740,60565,12.4,9.25,2110,84.22,15.78,68.21,34.55,0,Monday,9,2025,0,Fall,1.4,0.0,0.0,22.8,13.3,18.05,0.0,0.0,0.0
2025-09-09,187139,159362,27777,127655,59484,65939,12.32,9.34,2109,85.16,14.84,68.21,35.24,1,Tuesday,9,2025,0,Fall,3.0,0.0,0.0,22.8,14.4,18.6,0.0,0.0,0.0
2025-09-10,159859,136421,23438,111085,48774,52977,11.85,9.01,2104,85.34,14.66,69.49,33.14,2,Wednesday,9,2025,0,Fall,2.7,2.0,0.0,22.8,15.6,19.2,1.0,0.0,1.0
2025-09-11,199197,165054,34143,137150,62047,66098,12.74,9.63,2103,82.86,17.14,68.85,33.18,3,Thursday,9,2025,0,Fall,1.5,0.0,0.0,26.1,16.1,21.1,0.0,0.0,0.0
2025-09-12,199298,159393,39905,141771,57527,58660,12.99,9.78,2099,79.98,20.02,71.14,29.43,4,Friday,9,2025,0,Fall,1.3,0.0,0.0,25.6,17.2,21.4,0.0,0.0,0.0
2025-09-13,194361,141707,52654,139141,55220,0,14.7,10.96,2090,72.91,27.09,71.59,0.0,5,Saturday,9,2025,1,Fall,1.0,0.0,0.0,25.0,17.8,21.4,0.0,0.0,0.0
2025-09-14,172977,128506,44471,121039,51938,0,14.3,10.45,2098,74.29,25.71,69.97,0.0,6,Sunday,9,2025,1,Fall,0.4,0.0,0.0,27.2,17.8,22.5,0.0,0.0,0.0
2025-09-15,175526,148159,27367,118599,56927,60758,12.19,9.13,2105,84.41,15.59,67.57,34.61,0,Monday,9,2025,0,Fall,2.2,0.0,0.0,26.1,18.9,22.5,0.0,0.0,0.0
2025-09-16,185425,158417,27008,126964,58461,64847,12.05,9.14,2105,85.43,14.57,68.47,34.97,1,Tuesday,9,2025,0,Fall,3.1,0.0,0.0,23.3,18.9,21.1,0.0,0.0,0.0
2025-09-17,168827,145794,23033,117906,50921,61519,11.5,8.85,2105,86.36,13.64,69.84,36.44,2,Wednesday,9,2025,0,Fall,3.6,0.0,0.0,21.1,17.2,19.15,0.0,0.0,0.0
2025-09-18,198651,165895,32756,139611,59040,66288,12.52,9.53,2108,83.51,16.49,70.28,33.37,3,Thursday,9,2025,0,Fall,0.9,0.3,0.0,28.3,17.8,23.05,0.0,0.0,0.0
2025-09-19,200973,162042,38931,143945,57028,58533,12.83,9.66,2103,80.63,19.37,71.62,29.12,4,Friday,9,2025,0,Fall,1.8,0.0,0.0,28.9,20.0,24.45,0.0,0.0,0.0
2025-09-20,189511,138641,50870,134742,54769,0,14.63,11.01,2090,73.16,26.84,71.1,0.0,5,Saturday,9,2025,1,Fall,2.8,0.0,0.0,22.8,16.1,19.450000000000003,0.0,0.0,0.0
2025-09-21,160870,120407,40463,113211,47659,0,14.08,10.4,2084,74.85,25.15,70.37,0.0,6,Sunday,9,2025,1,Fall,1.9,0.0,0.0,21.7,14.4,18.05,0.0,0.0,0.0
2025-09-22,167432,140887,26545,115518,51914,56740,12.05,9.05,2096,84.15,15.85,68.99,33.89,0,Monday,9,2025,0,Fall,0.8,0.0,0.0,22.8,13.9,18.35,0.0,0.0,0.0
2025-09-23,178232,147995,30237,124080,54152,58282,12.41,9.35,2095,83.04,16.96,69.62,32.7,1,Tuesday,9,2025,0,Fall,1.4,0.0,0.0,28.3,18.3,23.3,0.0,0.0,0.0
2025-09-24,171755,144653,27102,120182,51573,58796,11.91,9.06,2097,84.22,15.78,69.97,34.23,2,Wednesday,9,2025,0,Fall,1.2,2.0,0.0,26.7,21.1,23.9,1.0,0.0,1.0
2025-09-25,147708,125869,21839,107001,40707,51371,11.38,8.78,2099,85.21,14.79,72.44,34.78,3,Thursday,9,2025,0,Fall,1.3,6.9,0.0,25.0,21.1,23.05,1.0,0.0,1.0
2025-09-26,201367,162503,38864,144169,57198,58522,12.73,9.6,2109,80.7,19.3,71.6,29.06,4,Friday,9,2025,0,Fall,1.2,0.0,0.0,27.8,20.0,23.9,0.0,0.0,0.0
2025-09-27,185049,136967,48082,132680,52369,0,14.28,10.64,2102,74.02,25.98,71.7,0.0,5,Saturday,9,2025,1,Fall,0.5,0.3,0.0,26.1,18.9,22.5,0.0,0.0,0.0
2025-09-28,165431,124927,40504,116046,49385,0,14.21,10.37,2103,75.52,24.48,70.15,0.0,6,Sunday,9,2025,1,Fall,0.9,2.5,0.0,28.3,17.8,23.05,1.0,0.0,1.0
2025-09-29,175791,149413,26378,120517,55274,59971,12.03,8.98,2120,84.99,15.01,68.56,34.11,0,Monday,9,2025,0,Fall,1.8,0.0,0.0,25.6,19.4,22.5,0.0,0.0,0.0
2025-09-30,192253,164299,27954,131740,60513,66909,12.13,9.22,2114,85.46,14.54,68.52,34.8,1,Tuesday,9,2025,0,Fall,2.0,0.0,0.0,27.2,17.8,22.5,0.0,0.0,0.0
2025-10-01,185574,158909,26665,127469,58105,63699,11.78,8.89,2127,85.63,14.37,68.69,34.33,2,Wednesday,10,2025,0,Fall,3.4,0.0,0.0,20.6,13.3,16.950000000000003,0.0,0.0,0.0
2025-10-02,169560,142575,26985,116937,52623,53669,11.72,8.8,2122,84.09,15.91,68.96,31.65,3,Thursday,10,2025,0,Fall,2.1,0.0,0.0,18.9,11.7,15.299999999999999,0.0,0.0,0.0
2025-10-03,186207,152540,33667,131539,54668,55041,12.28,9.21,2132,81.92,18.08,70.64,29.56,4,Friday,10,2025,0,Fall,1.1,0.0,0.0,21.7,12.2,16.95,0.0,0.0,0.0
2025-10-04,187440,138717,48723,133261,54179,0,14.42,10.74,2123,74.01,25.99,71.1,0.0,5,Saturday,10,2025,1,Fall,0.7,0.0,0.0,27.8,14.4,21.1,0.0,0.0,0.0
2025-10-05,168448,126420,42028,116660,51788,0,14.21,10.39,2109,75.05,24.95,69.26,0.0,6,Sunday,10,2025,1,Fall,0.3,0.0,0.0,28.9,17.8,23.35,0.0,0.0,0.0
2025-10-06,173262,146589,26673,116794,56468,59769,12.15,8.99,2123,84.61,15.39,67.41,34.5,0,Monday,10,2025,0,Fall,1.3,0.0,0.0,26.7,17.8,22.25,0.0,0.0,0.0
2025-10-07,186403,159081,27322,126165,60238,65222,12.01,9.1,2125,85.34,14.66,67.68,34.99,1,Tuesday,10,2025,0,Fall,1.7,0.0,0.0,26.7,18.9,22.799999999999997,0.0,0.0,0.0
2025-10-08,146874,126050,20824,102453,44421,45214,11.36,8.55,2120,85.82,14.18,69.76,30.78,2,Wednesday,10,2025,0,Fall,2.2,6.9,0.0,22.2,13.3,17.75,1.0,0.0,1.0
2025-10-09,172738,147160,25578,119120,53618,58925,11.48,8.66,2125,85.19,14.81,68.96,34.11,3,Thursday,10,2025,0,Fall,3.0,0.0,0.0,15.0,8.9,11.95,0.0,0.0,0.0
2025-10-10,170048,139493,30555,121076,48972,48694,12.01,8.93,2130,82.03,17.97,71.2,28.64,4,Friday,10,2025,0,Fall,1.4,0.0,0.0,16.7,7.8,12.25,0.0,0.0,0.0
2025-10-11,120079,92837,27242,87933,32146,0,12.53,9.33,2112,77.31,22.69,73.23,0.0,5,Saturday,10,2025,1,Fall,2.3,2.3,0.0,17.8,14.4,16.1,1.0,0.0,1.0
2025-10-12,75527,59998,15529,54335,21192,0,11.16,8.09,2081,79.44,20.56,71.94,0.0,6,Sunday,10,2025,1,Fall,5.2,16.8,0.0,17.2,12.8,15.0,1.0,0.0,1.0
2025-10-13,60796,53988,6808,43652,17144,17092,9.38,7.05,2072,88.8,11.2,71.8,28.11,0,Monday,10,2025,0,Fall,5.5,22.9,0.0,14.4,11.7,13.05,1.0,0.0,1.0
2025-10-14,148104,129483,18621,103331,44773,50620,11.19,8.45,2129,87.43,12.57,69.77,34.18,1,Tuesday,10,2025,0,Fall,3.0,0.0,0.0,16.1,11.7,13.9,0.0,0.0,0.0
2025-10-15,172082,147843,24239,120547,51535,59427,11.78,8.87,2131,85.91,14.09,70.05,34.53,2,Wednesday,10,2025,0,Fall,1.8,0.0,0.0,20.0,11.1,15.55,0.0,0.0,0.0
2025-10-16,163178,139984,23194,115249,47929,55232,11.41,8.63,2132,85.79,14.21,70.63,33.85,3,Thursday,10,2025,0,Fall,2.3,0.0,0.0,16.1,7.8,11.950000000000001,0.0,0.0,0.0
2025-10-17,169369,140216,29153,122376,46993,49894,11.88,8.91,2130,82.79,17.21,72.25,29.46,4,Friday,10,2025,0,Fall,2.0,0.0,0.0,17.2,8.3,12.75,0.0,0.0,0.0
2025-10-18,168537,126376,42161,120940,47597,0,13.94,10.26,2131,74.98,25.02,71.76,0.0,5,Saturday,10,2025,1,Fall,0.8,0.0,0.0,18.3,8.9,13.600000000000001,0.0,0.0,0.0
2025-10-19,154765,117539,37226,110301,44464,0,13.64,10.0,2131,75.95,24.05,71.27,0.0,6,Sunday,10,2025,1,Fall,2.1,0.0,0.0,21.1,12.8,16.950000000000003,0.0,0.0,0.0
2025-10-20,118940,104268,14672,73759,45181,39450,11.17,8.27,2119,87.66,12.34,62.01,33.17,0,Monday,10,2025,0,Fall,3.0,0.3,0.0,20.0,12.2,16.1,0.0,0.0,0.0
2025-10-21,167951,144722,23229,115168,52783,58553,11.68,8.81,2124,86.17,13.83,68.57,34.86,1,Tuesday,10,2025,0,Fall,1.9,0.8,0.0,18.9,10.0,14.45,0.0,0.0,0.0
2025-10-22,163097,142015,21082,114888,48209,56268,11.24,8.61,2127,87.07,12.93,70.44,34.5,2,Wednesday,10,2025,0,Fall,2.4,6.9,0.0,16.7,11.7,14.2,1.0,0.0,1.0
2025-10-23,162176,140096,22080,115737,46439,54585,11.2,8.5,2133,86.39,13.61,71.37,33.66,3,Thursday,10,2025,0,Fall,2.2,0.0,0.0,15.6,10.0,12.8,0.0,0.0,0.0
2025-10-24,163798,136451,27347,119632,44166,48417,11.57,8.7,2134,83.3,16.7,73.04,29.56,4,Friday,10,2025,0,Fall,2.3,0.0,0.0,15.0,7.8,11.4,0.0,0.0,0.0
2025-10-25,147998,114303,33695,108248,39750,0,12.99,9.59,2124,77.23,22.77,73.14,0.0,5,Saturday,10,2025,1,Fall,1.7,0.0,0.0,14.4,7.2,10.8,0.0,0.0,0.0
2025-10-26,133074,103946,29128,95431,37643,0,12.85,9.33,2122,78.11,21.89,71.71,0.0,6,Sunday,10,2025,1,Fall,1.7,0.0,0.0,15.0,8.9,11.95,0.0,0.0,0.0
2025-10-27,141402,123064,18338,99469,41933,48367,10.96,8.17,2130,87.03,12.97,70.34,34.21,0,Monday,10,2025,0,Fall,2.1,0.0,0.0,12.8,6.1,9.45,0.0,0.0,0.0
2025-10-28,146879,130168,16711,104327,42552,52677,10.71,8.16,2134,88.62,11.38,71.03,35.86,1,Tuesday,10,2025,0,Fall,4.2,0.0,0.0,12.2,6.1,9.149999999999999,0.0,0.0,0.0
2025-10-29,156209,137219,18990,111570,44639,54026,10.93,8.33,2120,87.84,12.16,71.42,34.59,2,Wednesday,10,2025,0,Fall,3.9,0.5,0.0,13.3,8.9,11.100000000000001,0.0,0.0,0.0
2025-10-30,76188,67123,9065,57357,18831,29076,10.38,7.93,2054,88.1,11.9,75.28,38.16,3,Thursday,10,2025,0,Fall,3.7,46.5,0.0,17.2,10.0,13.6,1.0,0.0,1.0
2025-10-31,156807,130449,26358,116951,39856,42361,11.3,8.56,2091,83.19,16.81,74.58,27.01,4,Friday,10,2025,0,Fall,4.2,0.0,0.0,14.4,10.6,12.5,0.0,0.0,0.0
2025-11-01,148899,112815,36084,109547,39352,0,12.91,9.68,2081,75.77,24.23,73.57,0.0,5,Saturday,11,2025,1,Fall,3.5,0.0,0.0,14.4,8.9,11.65,0.0,0.0,0.0
2025-11-02,146356,109678,36678,104684,41672,0,13.43,9.92,2085,74.94,25.06,71.53,0.0,6,Sunday,11,2025,1,Fall,0.9,0.0,0.0,15.0,6.1,10.55,0.0,0.0,0.0
2025-11-03,138183,120026,18157,96563,41620,47220,11.21,8.36,2122,86.86,13.14,69.88,34.17,0,Monday,11,2025,0,Fall,1.3,1.0,0.0,15.0,10.0,12.5,0.0,0.0,0.0
2025-11-04,151332,132073,19259,106941,44391,49882,11.15,8.33,2130,87.27,12.73,70.67,32.96,1,Tuesday,11,2025,0,Fall,3.7,0.0,0.0,15.0,8.3,11.65,0.0,0.0,0.0
2025-11-05,158532,138253,20279,112444,46088,53386,11.29,8.58,2132,87.21,12.79,70.93,33.68,2,Wednesday,11,2025,0,Fall,2.2,0.0,0.0,18.9,8.9,13.899999999999999,0.0,0.0,0.0
2025-11-06,145006,126684,18322,103998,41008,48398,10.65,8.11,2125,87.36,12.64,71.72,33.38,3,Thursday,11,2025,0,Fall,3.3,0.0,0.0,13.9,5.6,9.75,0.0,0.0,0.0
2025-11-07,150053,126637,23416,109775,40278,42850,11.22,8.43,2133,84.39,15.61,73.16,28.56,4,Friday,11,2025,0,Fall,1.3,0.0,0.0,16.1,5.0,10.55,0.0,0.0,0.0
2025-11-08,154049,116780,37269,111684,42365,0,13.94,10.22,2129,75.81,24.19,72.5,0.0,5,Saturday,11,2025,1,Fall,1.9,4.1,0.0,18.3,12.2,15.25,1.0,0.0,1.0
2025-11-09,96552,77600,18952,69697,26855,0,11.72,8.58,2114,80.37,19.63,72.19,0.0,6,Sunday,11,2025,1,Fall,1.4,4.8,0.0,17.2,12.2,14.7,1.0,0.0,1.0
2025-11-10,106287,95370,10917,74562,31725,39177,10.05,7.6,2121,89.73,10.27,70.15,36.86,0,Monday,11,2025,0,Fall,2.8,5.6,0.0,15.0,1.7,8.35,1.0,0.0,1.0
2025-11-11,96316,87358,8958,68886,27430,30402,9.64,7.38,2091,90.7,9.3,71.52,31.56,1,Tuesday,11,2025,0,Fall,4.2,0.0,0.0,5.0,0.6,2.8,0.0,0.0,0.0
2025-11-12,124445,112230,12215,88626,35819,43392,10.3,7.9,2122,90.18,9.82,71.22,34.87,2,Wednesday,11,2025,0,Fall,2.4,0.0,0.0,10.0,3.3,6.65,0.0,0.0,0.0
2025-11-13,129511,115313,14198,93491,36020,44067,10.47,8.01,2122,89.04,10.96,72.19,34.03,3,Thursday,11,2025,0,Fall,3.2,0.3,0.0,10.6,5.6,8.1,0.0,0.0,0.0
2025-11-14,136556,117431,19125,99170,37386,39400,10.71,8.1,2132,85.99,14.01,72.62,28.85,4,Friday,11,2025,0,Fall,2.5,0.0,0.0,10.6,4.4,7.5,0.0,0.0,0.0
2025-11-15,116698,94670,22028,83569,33129,0,11.65,8.68,2130,81.12,18.88,71.61,0.0,5,Saturday,11,2025,1,Fall,1.3,1.8,0.0,10.0,4.4,7.2,1.0,0.0,1.0
2025-11-16,97413,81134,16279,68769,28644,0,11.14,8.2,2109,83.29,16.71,70.6,0.0,6,Sunday,11,2025,1,Fall,4.7,1.5,0.0,13.3,5.0,9.15,1.0,0.0,1.0
2025-11-17,103959,94468,9491,72310,31649,36802,9.77,7.45,2114,90.87,9.13,69.56,35.4,0,Monday,11,2025,0,Fall,4.8,0.0,0.0,6.7,2.8,4.75,0.0,0.0,0.0
2025-11-18,119883,108796,11087,84979,34904,41895,10.22,7.8,2128,90.75,9.25,70.88,34.95,1,Tuesday,11,2025,0,Fall,2.7,0.0,0.0,7.2,2.8,5.0,0.0,0.0,0.0
2025-11-19,106806,95618,11188,78728,28078,30376,10.17,7.74,2120,89.52,10.48,73.71,28.44,2,Wednesday,11,2025,0,Fall,1.5,4.3,0.0,8.3,3.9,6.1000000000000005,1.0,0.0,1.0
2025-11-20,129075,115119,13956,94243,34832,42276,10.4,7.94,2133,89.19,10.81,73.01,32.75,3,Thursday,11,2025,0,Fall,1.3,0.0,0.0,8.3,3.3,5.800000000000001,0.0,0.0,0.0
2025-11-21,134867,116454,18413,100643,34224,38315,10.73,8.1,2140,86.35,13.65,74.62,28.41,4,Friday,11,2025,0,Fall,1.6,0.0,0.0,11.1,6.7,8.9,0.0,0.0,0.0
2025-11-22,105184,86159,19025,77901,27283,0,11.46,8.58,2121,81.91,18.09,74.06,0.0,5,Saturday,11,2025,1,Fall,1.4,5.1,0.0,11.1,4.4,7.75,1.0,0.0,1.0
2025-11-23,92726,77212,15514,66595,26131,0,11.01,8.11,2125,83.27,16.73,71.82,0.0,6,Sunday,11,2025,1,Fall,1.5,0.0,0.0,9.4,2.2,5.800000000000001,0.0,0.0,0.0
2025-11-24,115967,102272,13695,81410,34557,37037,10.76,7.97,2141,88.19,11.81,70.2,31.94,0,Monday,11,2025,0,Fall,1.7,0.0,0.0,11.1,6.1,8.6,0.0,0.0,0.0
2025-11-25,86106,76519,9587,62283,23823,25816,10.26,7.71,2117,88.87,11.13,72.33,29.98,1,Tuesday,11,2025,0,Fall,1.4,18.8,0.0,14.4,7.8,11.1,1.0,0.0,1.0
2025-11-26,102219,87799,14420,74254,27965,27528,11.44,8.44,2128,85.89,14.11,72.64,26.93,2,Wednesday,11,2025,0,Fall,2.9,3.0,0.0,15.0,9.4,12.2,1.0,0.0,1.0
2025-11-27,45062,36093,8969,32766,12296,6996,11.76,7.9,2084,80.1,19.9,72.71,15.53,3,Thursday,11,2025,0,Fall,3.7,0.0,0.0,9.4,2.2,5.800000000000001,0.0,0.0,0.0
2025-11-28,53637,45491,8146,38591,15046,10649,10.31,7.33,2101,84.81,15.19,71.95,19.85,4,Friday,11,2025,0,Fall,3.2,0.0,0.0,6.1,0.6,3.3499999999999996,0.0,0.0,0.0
2025-11-29,64306,53414,10892,46533,17773,0,11.15,7.89,2111,83.06,16.94,72.36,0.0,5,Saturday,11,2025,1,Fall,2.7,0.0,0.0,5.6,0.0,2.8,0.0,0.0,0.0
2025-11-30,48380,42473,5907,35066,13314,0,9.41,6.96,2071,87.79,12.21,72.48,0.0,6,Sunday,11,2025,1,Fall,1.9,2.8,0.0,8.3,2.8,5.550000000000001,1.0,0.0,1.0
2025-12-01,100413,91647,8766,70913,29500,35085,10.06,7.64,2144,91.27,8.73,70.62,34.94,0,Monday,12,2025,0,Winter,2.4,0.0,0.0,6.1,1.1,3.5999999999999996,0.0,0.0,0.0
2025-12-02,64729,60053,4676,47538,17191,29280,9.3,7.14,2094,92.78,7.22,73.44,45.23,1,Tuesday,12,2025,0,Winter,2.6,19.8,0.0,4.4,1.1,2.75,1.0,0.0,1.0
2025-12-03,103846,94338,9508,74403,29443,35679,10.18,7.76,2137,90.84,9.16,71.65,34.36,2,Wednesday,12,2025,0,Winter,2.8,0.0,0.0,5.0,-0.6,2.2,0.0,0.0,0.0
2025-12-04,99570,90828,8742,71169,28401,34761,9.78,7.54,2123,91.22,8.78,71.48,34.91,3,Thursday,12,2025,0,Winter,2.6,0.0,0.0,5.0,-4.4,0.2999999999999998,0.0,0.0,0.0
2025-12-05,87522,79152,8370,63665,23857,26402,9.38,7.22,2121,90.44,9.56,72.74,30.17,4,Friday,12,2025,0,Winter,2.4,0.0,0.0,0.0,-6.7,-3.35,0.0,0.0,0.0
2025-12-06,88556,75654,12902,64107,24449,0,10.74,8.13,2111,85.43,14.57,72.39,0.0,5,Saturday,12,2025,1,Winter,1.7,0.5,0.0,5.6,-1.1,2.25,0.0,0.0,0.0
2025-12-07,81400,70339,11061,57453,23947,0,10.6,7.84,2119,86.41,13.59,70.58,0.0,6,Sunday,12,2025,1,Winter,1.7,0.0,0.0,6.1,1.1,3.5999999999999996,0.0,0.0,0.0
2025-12-08,79256,73522,5734,55590,23666,28107,9.23,7.09,2117,92.77,7.23,70.14,35.46,0,Monday,12,2025,0,Winter,3.6,0.0,0.0,3.3,-5.6,-1.15,0.0,0.0,0.0
2025-12-09,87151,80588,6563,61666,25485,30611,9.49,7.31,2097,92.47,7.53,70.76,35.12,1,Tuesday,12,2025,0,Winter,2.1,0.0,0.0,1.7,-7.2,-2.75,0.0,0.0,0.0
2025-12-10,88727,81175,7552,63826,24901,26952,9.86,7.56,2116,91.49,8.51,71.94,30.38,2,Wednesday,12,2025,0,Winter,3.1,1.8,0.0,8.3,0.0,4.15,1.0,0.0,1.0
2025-12-11,91921,83953,7968,65930,25991,31314,9.68,7.46,2117,91.33,8.67,71.72,34.07,3,Thursday,12,2025,0,Winter,4.8,0.0,0.0,5.0,-2.2,1.4,0.0,0.0,0.0
2025-12-12,91239,82026,9213,66989,24250,26953,9.65,7.37,2127,89.9,10.1,73.42,29.54,4,Friday,12,2025,0,Winter,3.6,0.0,0.0,1.7,-3.9,-1.1,0.0,0.0,0.0
2025-12-13,86816,73824,12992,63921,22895,0,10.79,8.11,2114,85.04,14.96,73.63,0.0,5,Saturday,12,2025,1,Winter,1.8,0.8,0.0,5.0,-2.8,1.1,0.0,0.0,0.0
2025-12-14,24071,21664,2407,18291,5780,0,10.08,7.68,1839,90.0,10.0,75.99,0.0,6,Sunday,12,2025,1,Winter,3.0,13.0,74.0,0.6,-7.2,-3.3000000000000003,1.0,1.0,1.0
2025-12-15,52810,49338,3472,38362,14448,17716,9.55,7.43,2004,93.43,6.57,72.64,33.55,0,Monday,12,2025,0,Winter,4.0,0.0,0.0,-1.7,-7.2,-4.45,0.0,0.0,0.0
2025-12-16,70630,65425,5205,51508,19122,24003,9.76,7.57,2066,92.63,7.37,72.93,33.98,1,Tuesday,12,2025,0,Winter,2.4,0.0,0.0,0.0,-4.4,-2.2,0.0,0.0,0.0
2025-12-17,90078,82099,7979,66064,24014,29380,10.18,7.8,2106,91.14,8.86,73.34,32.62,2,Wednesday,12,2025,0,Winter,2.3,0.0,0.0,8.3,-1.1,3.6000000000000005,0.0,0.0,0.0
2025-12-18,105138,93693,11445,77513,27625,32408,10.64,8.13,2134,89.11,10.89,73.73,30.82,3,Thursday,12,2025,0,Winter,2.0,0.5,0.0,10.0,2.2,6.1,0.0,0.0,0.0
2025-12-19,62212,54872,7340,47717,14495,13787,9.64,7.25,2102,88.2,11.8,76.7,22.16,4,Friday,12,2025,0,Winter,4.6,29.5,0.0,14.4,0.0,7.2,1.0,0.0,1.0
2025-12-20,71014,60436,10578,52557,18457,0,10.61,7.81,2115,85.1,14.9,74.01,0.0,5,Saturday,12,2025,1,Winter,3.1,0.0,0.0,3.3,-1.1,1.0999999999999999,0.0,0.0,0.0
2025-12-21,57614,49204,8410,41818,15796,0,10.53,7.61,2098,85.4,14.6,72.58,0.0,6,Sunday,12,2025,1,Winter,4.1,0.0,0.0,7.8,-1.7,3.05,0.0,0.0,0.0
2025-12-22,68326,61332,6994,49148,19178,19232,9.81,7.28,2135,89.76,10.24,71.93,28.15,0,Monday,12,2025,0,Winter,3.0,0.0,0.0,3.9,-2.2,0.8499999999999999,0.0,0.0,0.0
2025-12-23,48266,43382,4884,35836,12430,12733,9.57,7.1,2093,89.88,10.12,74.25,26.38,1,Tuesday,12,2025,0,Winter,1.8,5.6,0.0,4.4,1.7,3.0500000000000003,1.0,0.0,1.0
2025-12-24,50725,43997,6728,36934,13791,9858,10.24,7.24,2092,86.74,13.26,72.81,19.43,2,Wednesday,12,2025,0,Winter,3.6,0.0,0.0,7.8,1.7,4.75,0.0,0.0,0.0
2025-12-25,25426,20222,5204,18484,6942,4109,12.63,7.87,2025,79.53,20.47,72.7,16.16,3,Thursday,12,2025,0,Winter,2.8,0.0,0.0,9.4,-1.7,3.85,0.0,0.0,0.0
2025-12-26,30005,26730,3275,21520,8485,6262,9.24,6.66,2035,89.09,10.91,71.72,20.87,4,Friday,12,2025,0,Winter,2.2,6.9,43.0,-1.7,-6.7,-4.2,1.0,1.0,1.0
2025-12-27,12788,11358,1430,9559,3229,0,10.32,7.68,1789,88.82,11.18,74.75,0.0,5,Saturday,12,2025,1,Winter,2.9,5.6,66.0,-0.6,-3.9,-2.25,1.0,1.0,1.0
2025-12-28,23377,20808,2569,17090,6287,0,10.02,7.38,1931,89.01,10.99,73.11,0.0,6,Sunday,12,2025,1,Winter,1.5,0.0,0.0,3.9,-5.6,-0.8499999999999999,0.0,0.0,0.0
2025-12-29,41000,36876,4124,29890,11110,11643,9.72,7.15,2065,89.94,10.06,72.9,28.4,0,Monday,12,2025,0,Winter,3.0,2.0,0.0,9.4,-0.6,4.4,1.0,0.0,1.0
2025-12-30,49062,44182,4880,35841,13221,12034,9.42,6.96,2065,90.05,9.95,73.05,24.53,1,Tuesday,12,2025,0,Winter,5.7,0.0,0.0,0.6,-2.8,-1.0999999999999999,0.0,0.0,0.0
2025-12-31,50738,44463,6275,37551,13187,10096,9.72,7.04,2082,87.63,12.37,74.01,19.9,2,Wednesday,12,2025,0,Winter,3.2,0.0,0.0,0.6,-2.8,-1.0999999999999999,0.0,0.0,0.0
2026-01-01,27813,23643,4170,20794,7019,4258,9.87,7.05,1973,85.01,14.99,74.76,15.31,3,Thursday,1,2026,0,Winter,4.3,0.5,13.0,2.2,-5.6,-1.6999999999999997,0.0,1.0,1.0
2026-01-02,45806,41124,4682,32972,12834,10776,9.25,6.78,2048,89.78,10.22,71.98,23.53,4,Friday,1,2026,0,Winter,2.8,0.0,0.0,-1.1,-6.7,-3.9000000000000004,0.0,0.0,0.0
2026-01-03,46584,41064,5520,34062,12522,0,9.59,7.03,2056,88.15,11.85,73.12,0.0,5,Saturday,1,2026,1,Winter,2.5,0.0,0.0,-1.1,-5.0,-3.05,0.0,0.0,0.0
2026-01-04,49737,43980,5757,36061,13676,0,9.8,7.13,2061,88.43,11.57,72.5,0.0,6,Sunday,1,2026,1,Winter,2.2,0.0,0.0,1.7,-3.3,-0.7999999999999999,0.0,0.0,0.0
2026-01-05,72156,66884,5272,51265,20891,26155,9.44,7.19,2114,92.69,7.31,71.05,36.25,0,Monday,1,2026,0,Winter,1.7,0.0,0.0,3.9,-1.7,1.1,0.0,0.0,0.0
2026-01-06,85910,79540,6370,61824,24086,31931,9.82,7.48,2136,92.59,7.41,71.96,37.17,1,Tuesday,1,2026,0,Winter,1.8,0.3,0.0,5.6,1.7,3.65,0.0,0.0,0.0
2026-01-07,97601,89236,8365,70482,27119,34216,10.23,7.77,2146,91.43,8.57,72.21,35.06,2,Wednesday,1,2026,0,Winter,2.6,0.3,0.0,9.4,2.8,6.1,0.0,0.0,0.0
2026-01-08,106332,96224,10108,76600,29732,36698,10.5,7.93,2147,90.49,9.51,72.04,34.51,3,Thursday,1,2026,0,Winter,2.5,0.0,0.0,10.0,5.6,7.8,0.0,0.0,0.0
2026-01-09,100481,89708,10773,73797,26684,29108,10.23,7.76,2149,89.28,10.72,73.44,28.97,4,Friday,1,2026,0,Winter,0.8,0.3,0.0,12.2,3.9,8.049999999999999,0.0,0.0,0.0
2026-01-10,54754,47244,7510,40083,14671,0,9.93,7.45,2082,86.28,13.72,73.21,0.0,5,Saturday,1,2026,1,Winter,,9.4,0.0,11.1,3.9,7.5,1.0,0.0,1.0
2026-01-11,76644,66279,10365,54455,22189,0,10.7,7.96,2108,86.48,13.52,71.05,0.0,6,Sunday,1,2026,1,Winter,5.2,0.3,0.0,8.3,1.1,4.7,0.0,0.0,0.0
2026-01-12,86055,79402,6653,60956,25099,30883,9.7,7.37,2130,92.27,7.73,70.83,35.89,0,Monday,1,2026,0,Winter,3.7,0.0,0.0,5.0,-0.6,2.2,0.0,0.0,0.0
2026-01-13,100504,92139,8365,72226,28278,36003,10.1,7.71,2153,91.68,8.32,71.86,35.82,1,Tuesday,1,2026,0,Winter,2.1,0.0,0.0,8.9,1.7,5.3,0.0,0.0,0.0
2026-01-14,104538,95286,9252,75492,29046,36877,10.28,7.82,2158,91.15,8.85,72.21,35.28,2,Wednesday,1,2026,0,Winter,2.1,0.0,0.0,11.1,7.2,9.15,0.0,0.0,0.0
2026-01-15,91356,84135,7221,66629,24727,32335,9.52,7.29,2143,92.1,7.9,72.93,35.39,3,Thursday,1,2026,0,Winter,3.9,0.0,0.0,8.3,-4.4,1.9500000000000002,0.0,0.0,0.0
2026-01-16,77080,70599,6481,57290,19790,23809,9.08,6.94,2125,91.59,8.41,74.33,30.89,4,Friday,1,2026,0,Winter,3.8,0.0,0.0,1.1,-5.6,-2.25,0.0,0.0,0.0
2026-01-17,44063,38981,5082,32572,11491,0,9.79,7.36,2033,88.47,11.53,73.92,0.0,5,Saturday,1,2026,1,Winter,1.9,4.3,25.0,3.9,-0.6,1.65,1.0,1.0,1.0
2026-01-18,31123,27893,3230,23101,8022,0,9.36,6.99,1973,89.62,10.38,74.22,0.0,6,Sunday,1,2026,1,Winter,1.8,7.1,25.0,2.2,-1.1,0.55,1.0,1.0,1.0
2026-01-19,50936,46661,4275,37460,13476,11635,9.39,7.05,2062,91.61,8.39,73.54,22.84,0,Monday,1,2026,0,Winter,3.3,0.0,0.0,0.0,-5.6,-2.8,0.0,0.0,0.0
2026-01-20,59614,56321,3293,43144,16470,21861,8.67,6.71,2090,94.48,5.52,72.37,36.67,1,Tuesday,1,2026,0,Winter,3.9,0.0,0.0,-3.3,-8.9,-6.1,0.0,0.0,0.0
2026-01-21,73429,68842,4587,53468,19961,25640,9.13,7.03,2125,93.75,6.25,72.82,34.92,2,Wednesday,1,2026,0,Winter,2.1,0.0,0.0,4.4,-8.3,-1.9500000000000002,0.0,0.0,0.0
2026-01-22,96576,88933,7643,70120,26456,32978,9.93,7.57,2160,92.09,7.91,72.61,34.15,3,Thursday,1,2026,0,Winter,2.4,0.0,0.0,8.3,2.8,5.550000000000001,0.0,0.0,0.0
2026-01-23,81355,75119,6236,60478,20877,25488,9.06,6.9,2148,92.33,7.67,74.34,31.33,4,Friday,1,2026,0,Winter,4.1,0.0,0.0,3.3,-10.0,-3.35,0.0,0.0,0.0
2026-01-24,41880,38690,3190,30710,11170,0,8.17,6.21,2027,92.38,7.62,73.33,0.0,5,Saturday,1,2026,1,Winter,3.4,0.0,0.0,-8.3,-12.8,-10.55,0.0,0.0,0.0
2026-01-25,3039,2734,305,2349,690,0,8.77,6.19,1141,89.96,10.04,77.3,0.0,6,Sunday,1,2026,1,Winter,4.4,45.7,290.0,-5.6,-12.2,-8.899999999999999,1.0,1.0,1.0
2026-01-26,5782,5480,302,4177,1605,1642,12.91,10.26,1319,94.78,5.22,72.24,28.4,0,Monday,1,2026,0,Winter,2.8,0.5,0.0,-2.8,-8.3,-5.550000000000001,0.0,0.0,0.0
2026-01-27,15282,14368,914,11124,4158,5210,13.35,10.62,1624,94.02,5.98,72.79,34.09,1,Tuesday,1,2026,0,Winter,3.8,0.0,0.0,-5.6,-9.4,-7.5,0.0,0.0,0.0
2026-01-28,19782,18658,1124,14074,5708,6562,12.61,10.0,1696,94.32,5.68,71.15,33.17,2,Wednesday,1,2026,0,Winter,2.9,0.0,0.0,-5.0,-10.0,-7.5,0.0,0.0,0.0
2026-01-29,21624,20280,1344,15028,6596,7139,12.21,9.61,1723,93.78,6.22,69.5,33.01,3,Thursday,1,2026,0,Winter,3.0,0.0,0.0,-5.0,-11.7,-8.35,0.0,0.0,0.0
2026-01-30,19607,18359,1248,13278,6329,5843,11.57,9.11,1689,93.63,6.37,67.72,29.8,4,Friday,1,2026,0,Winter,3.7,0.0,0.0,-7.8,-12.8,-10.3,0.0,0.0,0.0
2026-01-31,17874,16422,1452,11971,5903,0,11.5,8.83,1641,91.88,8.12,66.97,0.0,5,Saturday,1,2026,1,Winter,2.5,0.0,0.0,-4.4,-12.2,-8.3,0.0,0.0,0.0
2026-02-01,15481,14455,1026,10541,4940,0,10.73,8.24,1548,93.37,6.63,68.09,0.0,6,Sunday,2,2026,1,Winter,4.5,0.0,0.0,-4.4,-12.2,-8.3,0.0,0.0,0.0
2026-02-02,30269,28557,1712,20585,9684,10400,11.2,8.77,1816,94.34,5.66,68.01,34.36,0,Monday,2,2026,0,Winter,3.7,0.0,0.0,1.7,-10.0,-4.15,0.0,0.0,0.0
2026-02-03,39267,36894,2373,27454,11813,13874,10.96,8.65,1870,93.96,6.04,69.92,35.33,1,Tuesday,2,2026,0,Winter,2.1,0.0,0.0,0.6,-5.0,-2.2,0.0,0.0,0.0
2026-02-04,44175,41447,2728,31061,13114,15644,10.74,8.5,1902,93.82,6.18,70.31,35.41,2,Wednesday,2,2026,0,Winter,2.0,0.0,0.0,0.6,-3.3,-1.3499999999999999,0.0,0.0,0.0
2026-02-05,45001,42067,2934,32110,12891,15525,10.7,8.37,1925,93.48,6.52,71.35,34.5,3,Thursday,2,2026,0,Winter,1.5,0.0,0.0,0.0,-6.7,-3.35,0.0,0.0,0.0
2026-02-06,44725,41472,3253,32028,12697,13875,10.33,8.07,1934,92.73,7.27,71.61,31.02,4,Friday,2,2026,0,Winter,2.4,0.5,3.0,0.6,-5.0,-2.2,0.0,1.0,1.0
2026-02-07,18564,17258,1306,13544,5020,0,9.11,7.02,1697,92.96,7.04,72.96,0.0,5,Saturday,2,2026,1,Winter,6.6,0.0,0.0,-2.8,-14.4,-8.6,0.0,0.0,0.0
2026-02-08,17604,16405,1199,12935,4669,0,8.99,6.93,1682,93.19,6.81,73.48,0.0,6,Sunday,2,2026,1,Winter,5.6,0.0,0.0,-7.8,-16.1,-11.950000000000001,0.0,0.0,0.0
2026-02-09,37217,35118,2099,26717,10500,12958,9.89,7.66,1923,94.36,5.64,71.79,34.82,0,Monday,2,2026,0,Winter,2.6,0.0,0.0,-0.6,-12.2,-6.3999999999999995,0.0,0.0,0.0
2026-02-10,51101,48093,3008,37145,13956,18235,10.26,8.02,1969,94.11,5.89,72.69,35.68,1,Tuesday,2,2026,0,Winter,1.3,0.0,0.0,2.8,-4.4,-0.8000000000000003,0.0,0.0,0.0
2026-02-11,58053,54331,3722,42387,15666,20587,10.45,8.14,2027,93.59,6.41,73.01,35.46,2,Wednesday,2,2026,0,Winter,3.2,1.5,0.0,5.0,0.6,2.8,1.0,0.0,1.0
2026-02-12,57714,53884,3830,42510,15204,19970,10.02,7.86,2052,93.36,6.64,73.66,34.6,3,Thursday,2,2026,0,Winter,4.9,0.0,0.0,2.2,-2.8,-0.2999999999999998,0.0,0.0,0.0
2026-02-13,59385,54387,4998,44126,15259,17900,10.19,7.88,2074,91.58,8.42,74.3,30.14,4,Friday,2,2026,0,Winter,2.3,0.0,0.0,3.3,-5.6,-1.15,0.0,0.0,0.0
2026-02-14,49395,42779,6616,36622,12773,0,11.49,8.5,2078,86.61,13.39,74.14,0.0,5,Saturday,2,2026,1,Winter,1.7,0.0,0.0,7.8,-1.7,3.05,0.0,0.0,0.0
2026-02-15,42505,37352,5153,31063,11442,0,10.72,7.97,2044,87.88,12.12,73.08,0.0,6,Sunday,2,2026,1,Winter,2.1,0.5,10.0,4.4,0.0,2.2,0.0,1.0,1.0
2026-02-16,44046,40061,3985,31886,12160,10509,10.02,7.53,2047,90.95,9.05,72.39,23.86,0,Monday,2,2026,0,Winter,3.1,1.0,18.0,3.9,-1.7,1.1,0.0,1.0,1.0
2026-02-17,63484,58556,4928,46106,17378,21629,10.39,7.83,2099,92.24,7.76,72.63,34.07,1,Tuesday,2,2026,0,Winter,1.8,0.0,0.0,8.3,1.7,5.0,0.0,0.0,0.0
2026-02-18,53418,49509,3909,39572,13846,17768,9.54,7.28,2082,92.68,7.32,74.08,33.26,2,Wednesday,2,2026,0,Winter,1.6,2.5,0.0,5.0,2.8,3.9,1.0,0.0,1.0
2026-02-19,71536,65689,5847,52626,18910,23601,9.9,7.52,2099,91.83,8.17,73.57,32.99,3,Thursday,2,2026,0,Winter,3.0,0.0,0.0,5.6,2.2,3.9,0.0,0.0,0.0
2026-02-20,37803,34618,3185,28545,9258,10183,8.93,6.79,2007,91.57,8.43,75.51,26.94,4,Friday,2,2026,0,Winter,4.2,9.7,0.0,2.8,1.1,1.95,1.0,0.0,1.0
2026-02-21,75862,64896,10966,55914,19948,0,11.17,8.27,2121,85.54,14.46,73.7,0.0,5,Saturday,2,2026,1,Winter,2.0,0.0,0.0,7.8,2.2,5.0,0.0,0.0,0.0
2026-02-22,18878,16939,1939,13922,4956,0,8.86,6.47,1828,89.73,10.27,73.75,0.0,6,Sunday,2,2026,1,Winter,5.1,21.1,224.0,3.9,-1.1,1.4,1.0,1.0,1.0
2026-02-24,12653,11751,902,8899,3754,3946,12.54,9.76,1621,92.87,7.13,70.33,31.19,1,Tuesday,2,2026,0,Winter,3.2,0.0,0.0,-0.6,-5.0,-2.8,0.0,0.0,0.0
2026-02-25,28101,25760,2341,20163,7938,8333,11.29,8.72,1883,91.67,8.33,71.75,29.65,2,Wednesday,2,2026,0,Winter,2.6,2.3,36.0,6.7,-3.3,1.7000000000000002,1.0,1.0,1.0
2026-02-26,53577,49328,4249,38867,14710,17217,10.66,8.19,2067,92.07,7.93,72.54,32.14,3,Thursday,2,2026,0,Winter,1.7,0.0,0.0,9.4,1.7,5.55,0.0,0.0,0.0
2026-02-27,65822,59063,6759,48397,17425,19305,10.74,8.18,2106,89.73,10.27,73.53,29.33,4,Friday,2,2026,0,Winter,,0.0,0.0,6.7,-1.7,2.5,0.0,0.0,0.0
2026-02-28,73871,61863,12008,54243,19628,0,12.53,9.32,2113,83.74,16.26,73.43,0.0,5,Saturday,2,2026,1,Winter,,0.0,0.0,12.2,0.6,6.3999999999999995,0.0,0.0,0.0
